id	title	authors	publisher_id	copies	pages	
200009	The Nursing Home Murder	David Cordingly	102866	7380	2019	
200011	Not Without My Daughter	David Adams Richards	101177	567	1851	
200058	Death of Expert Witness	David Iglehart	101721	359	1403	
200105	Ce que vivent les roses	David Morrell	100736	6647	2944	
200150	Teddybears Owner Manual	David Baldacci	101618	2477	2003	
200245	The Return of the Indian	David Brin	104287	1220	1475	
200258	The Judgment (Judgement)	David G. Hartwell	102650	7249	2014	
200316	The Last Place : A Novel	David Allen Hulse	101221	1416	2113	
200368	When You Cant Come Back	David Gemmell	101860	6849	2016	
200437	Shutter Island : A Novel	David Steinman	103375	7415	2868	
200440	Woody Allen: A Biography	David Lewis	100279	894	2807	
200533	I Hope You Dance Journal	David Feldman	104237	6873	2982	
200543	Tintin Au Tibet (Tintin)	David Whyte	103758	7926	2517	
200575	The Accident (Windswept)	Alexandra David-N??el	102372	7799	1453	
200591	Nana. (Penguin Classics)	David Guterson	104108	3404	2772	
200621	Guide to Fiction Writing	David Lodge	101706	4010	1736	
200625	The Solomon Organization	David Crombie	103484	6521	1753	
200643	Utopia (Crofts Classics)	David Sedaris	101500	6089	2545	
200863	Women of the Third Reich	David M. Gitlitz	104148	7684	1425	
201041	Super 3-Minute Thrillers	F. David Peat	104737	785	2848	
201198	S.S.M. Beginning Algebra	David Gardner	104409	6830	2002	
201336	Papa Papa (Growing Tree)	David Freemantle	104697	81	1353	
201392	The Physics of Star Trek	David Foster Wallace	104219	4294	1670	
201413	Escape to Witch Mountain	David J Tacey	100280	5665	1106	
201578	Blues If You Want: Poems	David Hopkins	101311	7994	2210	
201592	Dark Victory (Star Trek)	David M. Buss	104528	7648	2053	
201593	Tratado de La Tolerancia	David D. Burns	103939	8719	1615	
201679	Words for Murder Perhaps	David Gottlieb	102825	548	2785	
201690	The Undiscovered Country	David Buerge	104911	4119	1121	
201779	Les lois de lattraction	David Weber	103085	6871	2608	
201792	Mr. Food Cooks Like Mama	David Stick	100174	7546	2760	
201914	The Once and Future King	David Chase	101785	2115	1211	
202047	Jealousy (Jupiter Books)	David L. Lindsey	100910	5601	2575	
202049	You Are Somebody Special	David Anson Russo	100243	4125	1584	
202207	Dictionary of Quotations	David Hajdu	102287	6762	1501	
202216	Is There a Dr in the Zoo	David Macaulay	100464	8598	1263	
202441	I Was So Mad (Look-Look)	David Fontana	103442	1801	2455	
202530	David and Della: A Novel	David Ignatius	104622	269	2289	
202660	From a Buick 8 : A Novel	David Suzuki	102983	8639	1375	
202723	He Did This Just For You	David R. George III	104563	2690	2033	
202778	Stories in the Worst Way	David Clement-Davies	101806	3757	1555	
202897	Job: A Comedy of Justice	David M. Friedman	102137	9870	2233	
202899	Twenty-Five for the Road	David Hagberg	100332	158	2482	
202914	The Wishsong of Shannara	Jack David Zipes	104720	3513	2486	
202976	Tess of the Durbervilles	David Finn	102806	2976	1400	
203000	Mastering Jakarta Struts	David Drake	102830	1717	2328	
203012	The House at Pooh Corner	David Mondey	102570	7925	2107	
203280	Memoirs of a Mangy Lover	David Gates	102943	7802	2138	
203340	La Petite aux tournesols	David Congalton	101435	8676	2180	
203582	Five Shots and a Funeral	David J. Pelzer	103286	3614	1297	
203598	Primal Fear (Price-Less)	David Wiltse	101911	7961	1869	
203617	Where Is Grandma Rabbit?	David Rosenfelt	104905	8706	2789	
203673	A Loyal Character Dancer	David Norbrook	102578	3015	2542	
203682	New Spirit of Watercolor	David Richards	103387	4776	1612	
203770	The Wine of Astonishment	David Calder	102160	4384	2763	
203850	Bunnies at Christmastime	David Icke	104423	6074	2264	
203904	The French Mathematician	David Poyer	103218	116	2424	
203927	The Stalkers Apprentice	David Lehman	101664	551	2031	
203977	Hear the Children Crying	David Norwood	102787	672	2316	
203986	Little Clancys New Drum	Stuart David	103415	3495	1826	
203992	Thunder on the Tennessee	David Almond	100157	1125	1458	
204032	The Meaning of Star Trek	David Thompson	101517	9125	2614	
204138	Cenas da vida portuguesa	David Hussey	102590	1640	2396	
204272	Expecting Someone Taller	Sara Davidson	104294	496	1676	
204282	The Works of Oscar Wilde	David Storey	104816	7634	1293	
204428	Verschlossenes Paradies.	David Lozell Martin	104475	5053	1468	
204553	Pupazzo Parlante Italian	Jack David	100461	4500	2648	
204561	Tout doit dispara??tre	David Milstead	100011	4634	1507	
204668	The Other Anna : A Novel	Richard David Carson	101895	5449	2529	
204759	All Presidents: Last Fro	David Spencer	100613	9752	1928	
204776	Unlocking Your Potential	David Quammen	102190	4286	2344	
204829	Famous Financial Fiascos	David Delman	102519	6008	2175	
204934	Strike the Original Match	David H. Lowenherz	101333	76	2142	
204975	Bathroom Sports Quiz Book	Kay David	104137	931	2547	
205029	Cartoons &amp; Animations	David E Fear	103563	7930	1450	
205044	The Immaculate Conception	David William Ross	102416	7881	1076	
205072	Aller Welt Freund. Roman.	David Petersen	104760	5993	1160	
205202	Harpers Bible Dictionary	David Leavitt	100680	6014	1388	
205248	LA Mia Vita E UN Disastro	Carolyn Davidson	103690	1357	1667	
205366	To My Childrens Children	David Day	104287	4900	2875	
205407	Acquainted with the Night	C.David Heymann	104284	8369	1286	
205414	The Dollmakers Daughters	David Dalton	102614	2804	2446	
205528	La mort noublie personne	Peter David	103305	4687	2656	
205660	Hound of the Baskervilles	Ronald David Laing	102125	620	1336	
205741	Daddy, We Hardly Knew You	David McCullough	101227	2911	2355	
205822	Report From Engine Co. 82	David Jenkins	104400	1216	2124	
205875	More How Do They Do That?	David Ferry	103188	4600	2249	
205936	Frommers California 2004	David Nevin	102049	6369	2832	
205954	Abracadabra (Abracadabra)	David Chong	104192	4775	2676	
205973	PORTRAITS OF HIS CHILDREN	David Budbill	102658	7942	2010	
206001	Echt unecht. ( Ab 12 J.).	David Bergantino	102257	3495	2225	
206057	Howards House Is Haunted	Gina Davidson	101577	6675	1313	
206216	How George Lost His Voice	David Attenborough	102647	6274	2689	
206287	Practical Real Estate Law	Marjory Davidson	102663	9767	2059	
206433	Angriff Der Klonenkreiger	David Wilkerson	102155	3777	1083	
206461	Arthurs Mystery Envelope	David Hockney	102602	7473	2434	
206610	Narrative of my Captivity	David Layton	102464	4542	2614	
206646	To All Appearances a Lady	David Edmonds	101666	7970	2562	
206668	Pirate (Eyewitness Books)	David Levien	102812	2021	1089	
206813	The Substitute Bridegroom	Jeff Davidson	101838	6182	1920	
206820	Montana Man (Desire, 556)	David R. Olson	104438	8816	1916	
206864	Women of Mystery - Book 1	David Farland	103256	3667	2319	
206875	Under the Beetles Cellar	David Ambrose	101805	6042	1605	
207024	The Crown and The Scepter	David Copperfield	100488	1321	1079	
207058	Dans la jungle des villes	Alice Joyce Davidson	101459	3124	1120	
207130	High Deryni (High Deryni)	David Kirk	104689	9951	1760	
207214	Medieval in LA: A Fiction	David Breashears	104278	6821	2027	
207222	Catalogue of the Universe	David Starkey	103154	301	1632	
207289	In the Footsteps of Jesus	David Colbert	103752	9117	2861	
207300	At the Rising of the Moon	David A. Van Meter	100624	3266	2599	
207325	Sefarad (Spanish Version)	David H. Hackworth	102829	4727	1909	
207358	LOVE, STARS, AND ALL THAT	David H. Maister	100452	6269	1241	
207435	Victorian Lady Travellers	David Fennario	102160	1808	2286	
207475	The Things We Do for Love	David Heflick	102747	8308	2680	
207618	Call from L.A.: Jackie-Cn	David Watmough	103559	58	2526	
207693	If I Forget, You Remember	David Lambert	103715	8462	1684	
207795	The Martini Shot: A Novel	David Smith	104844	1271	2600	
207819	Grenze zum gestrigen Tag.	David P. Jordan	102051	7340	2734	
207831	Discovering Americas Past	David Robbins	100496	3735	1434	
207864	Arabs, Oil and Armageddon	David Wiesner	102553	7750	2147	
207877	Leaving My Fathers House	David Lavender	101097	8768	2176	
207878	Fannie Farmer Baking Book	David James Duncan	104561	413	2516	
207907	Food and beverage service	David Daniel	101324	6600	2714	
207919	Gods Word For The Family	David Wong Louie	100938	8433	2045	
207998	Der geheimnisvolle Brief.	David Marples	104992	8938	2625	
208040	Syllogismes de lamertume	David Lubar	101852	1210	2231	
208103	How to Save Your Own Life	David Bishop	104971	980	1001	
208116	Der Tanz ums goldene Kalb	David Pickering	103542	6173	1158	
208188	Walden and Other Writings	David Helvarg	104106	7354	2192	
208251	Portugiesische Literatur.	David Zindell	103284	3992	2123	
208265	Griechenland ohne S?ulen	David Reynolds	100919	2033	1401	
208352	Sister Light, Sister Dark	David Ogilvy	102529	8869	1528	
208408	Hamlyn All Color Cookbook	David Schiller	101078	2643	1352	
208411	The Nine Gates (Tsr Book)	Luke David	103000	1059	2542	
208412	Quest for the Fallen Star	David Milgrim	104975	3900	2424	
208431	Choice of Whitmans Verse	David Hooper	103289	3041	1247	
208534	Peter Benchleys Creature	Gary David Bouton	104274	1848	1981	
208599	A Place Called Simplicity	David Shobin	101015	5914	1500	
208622	A House is a House for Me	David Payne	104320	9107	1718	
208634	Jewel (Oprahs Book Club)	David Lindsey	104495	7372	2199	
208673	All Signs Point to Murder	David Paige	102627	8146	1738	
208733	Chimps Dont Wear Glasses	David Hunt	100508	9441	1202	
208817	A Knight in Shining Armor	David M. Loades	100825	7226	1720	
208893	Die Regeln des Gl??cks.	David A. Adler	101848	9121	1700	
208937	The Collapse of Evolution	David Huddle	100392	9694	1023	
208959	Hikes Around Philadelphia	David Amsden	103387	2673	1707	
208997	Goodnight Moon Board Book	David Herbert Donald	103351	8362	2425	
209004	Probleme der Philosophie.	R. David Thomas	101314	168	2505	
209089	CONCISE ENGLISH DICTIONAR	David Ramsey	102363	7737	1889	
209115	The Twelve Gifts of Birth	David Shibley	100282	2316	1656	
209164	The Magic of Thinking Big	David Glusker	100943	982	2389	
209279	Illuminatus 03. Leviathan.	David M Rorvik	101807	7041	1985	
209412	Discipline Them, Love Them	David Conway	101428	7796	1662	
209514	Playful Patchwork Projects	David Pesci	102444	4624	1127	
209549	Go Tell It on the Mountain	Mary Janice Davidson	104846	3323	1063	
209648	The White House Connection	David Galef	101445	4467	2509	
209691	Collected Poems, 1909-1962	David Rees	101740	4755	2780	
209704	Shakespeare (Past Masters)	David Brooks	104898	5142	2503	
209750	Oxford American Dictionary	David Korr	104425	7224	1725	
209879	La Ballade de limpossible	David Davidar	103284	5388	2800	
209972	On the Banks of Plum Creek	David Malouf	102947	8776	2994	
209973	The Settlers (Australians)	David Chilton	102644	2156	1688	
210095	The Miracle at St. Brunos	David Hampshire	101836	7620	2242	
210153	Memoirs of an Unfit Mother	David Martin	100695	708	2641	
210247	Die verborgene Geschichte.	David Isaacs	104849	4170	2855	
210265	Hercule Poirots Christmas	David B. Currie	103653	5303	2590	
210407	The Guardian (OMalley #2)	David Wallechinsky	104818	3024	1894	
210735	A Halo For The Devil (#55)	David Hackett Fischer	100587	2422	2873	
210974	The Alibi (Point Crime S.)	David Hilbert	103280	8082	2620	
210979	How a Baby Changed My Life	David Hume	101217	4972	1063	
211034	Die Versuchung Des Pescara	David Flanagan	103401	1791	1104	
211187	Gods Answers for Your Life	David B. Feinberg	103427	6706	2977	
211208	They Always Call Us Ladies	David Sheff	101521	2609	2619	
211294	The Middle-Earth Quiz Book	James and Lewis, David Greene	101793	798	2510	
211340	The Wild Rose of Kilgannon	David Schwartz	104338	1944	2522	
211341	Entre les mailles du filet	David Cohen	104987	5763	2298	
211467	Die Gedanken des B??sen.	David Gerrold	100871	310	2021	
211470	Things Ive Learned Lately	David S. Walls	104656	5853	2917	
211527	3 beers and a Chinese meal	David Dvorkin	101186	7466	2276	
211595	The Bible in Stained Glass	Johann David Wyss	103710	8289	1908	
211598	A Spell of Winter: A Novel	David K Reynolds	103977	2193	2480	
211729	Tratado Practico de Bonsai	David McKain	104517	8074	1311	
211795	Keep Me Close/Betrayal Duo	David A. Redding	103428	4225	1420	
211853	Applying C++/Book and Disk	David A DeWitt	103281	211	2606	
211893	Were Busy, Charlie Brown!	David Hazard	101057	8266	2087	
211924	Supervision in Social Work	David Arp	104729	7755	2031	
211992	Latin Satins (Djuna Books)	David R. Palmer	104896	8343	2903	
212145	Cats (Barrons Pocket Gem)	David Greene	102000	4406	2063	
212183	Author of Destiny: A Novel	David Carkeet	103657	8333	2831	
212192	La Curacion Por Las Flores	David J Lake	103335	5189	2271	
212282	Two Ends of Sleep: A Novel	David Lloyd	101280	3929	1405	
212378	Napoleon Bonaparte: A Life	Leif Davidsen	104749	3755	2138	
212459	The Pond at Cape May Point	David Derbin Nolta	103467	3103	2675	
212543	Stories (Vintage Classics)	David J. Wilmes	100757	8651	2222	
212565	Usurpers Crown (Isavalta)	David Letterman	100789	3720	2084	
212572	Ten Commandments for Today	David S. Lifton	103945	4013	1653	
212603	The bedside book of angels	Jean Davidson	104493	5822	2165	
212712	Maybe a Band-Aid Will Help	David Crackanthorpe	101457	1110	2120	
212768	The New Art of Making Beer	David Colton	102834	4483	1452	
212796	Sing Along Christmas Songs	David R. Morrell	104341	7827	1059	
212797	Arbol y Hoja - Tapa Dura -	David Olive	104846	9212	1297	
212804	Feng Shui (Piatkus Guides)	David Debin	100948	9474	2777	
212808	Wer den Himmel ber??hrt.	David Heilbroner	104044	7742	1327	
212825	Pesticides, the new plague	David C. Knight	102556	2302	1350	
212834	Jill Has Two Ponies (Jill)	David Saltman	100446	3565	2404	
212947	Its Pat!: My Life Exposed	David Compton	104480	8104	1320	
212968	Family Fortunes (T Fisher)	David Blatner	102777	9405	1183	
212973	Guess Who? (Pat the Bunny)	David Myers	101995	7777	1352	
212984	Massive Attack de A ?? Z	David I. Kertzer	104015	3143	1081	
213056	The Harrison Affair: Novel	David Benjamin	103574	559	1262	
213086	Discovering H.P. Lovecraft	David Keirsey	101142	2501	1999	
213157	The Complete Short Stories	David Brinkley	104456	4236	2751	
213171	Memoirs of Sherlock Holmes	David H. Clark	101232	5089	1743	
213320	Biloxi blues: A new comedy	David Halliday	100748	1601	2525	
213327	The Science of Superheroes	David I. Harvie	102407	6565	1057	
213345	Geschichte vom alten Kind.	David Spence	102056	5254	1100	
213374	The Pistachio Prescription	David Mamet	102919	6162	1810	
213409	The Deathless and the Dead	David Shannon	103159	7403	1525	
213433	Studies in the Short Story	David  Everitt	104614	7128	1240	
213705	The World According to Alex	David Leitch	102680	243	1410	
213794	Historia Do Cerco De Lisboa	David Roberts	103046	5660	2991	
213831	Das Volk des Feuers. Roman.	David Ellis	101920	4556	2706	
213889	Anatomy of the Commodore 64	David Spangler	103085	870	1938	
213988	Lessons from the Intersexed	David M Wilson	102366	3954	2885	
214057	Dear mum, Im on the telly!	David K. Shipler	103000	5398	1793	
214154	A Strangers Love (Romance)	David Aaron	103961	3223	2316	
214171	Spark Notes Oedipus Trilogy	David Osborn	101269	1880	2165	
214189	Untamed (Loveswept, No 785)	John David Morley	100691	5983	2729	
214205	Death on Black Dragon River	David E. Rye	100879	30	2171	
214221	Pearl Bucks the Good Earth	David Graham	103980	7541	2031	
214235	Adventures in Nature Alaska	David C. Lindberg	101035	2341	2272	
214236	SPACE DEMONS : SPACE DEMONS	David Berlinski	104937	914	2764	
214280	Building Web Sites with XML	David W Johnson	104244	7017	2783	
214287	HITCHCOCK (REVISED EDITION)	David Wright	104590	4245	1550	
214289	Gregory, the terrible eater	David E. Larkin	101240	1966	2874	
214312	North Country Cabin Cooking	Davidson	102353	8847	2794	
214351	The age of longing: A novel	David J. Lieberman	100689	4432	1592	
214355	Life After School Explained	David W. Hunter	100111	5764	1740	
214406	Die Kalten Fusse Der Frauen	Hanry Davidoff	101960	1862	1352	
214416	50 Fast Mac OS X Techniques	David Ewing Duncan	103469	4897	2072	
214435	Soy UN Cielo / Im an Angel	David Bayles	102804	8658	1532	
214566	A scientist at the seashore	David M. McPhail	102478	5954	1366	
214629	Violettes Embrace: A Novel	David W. Hollis	101172	3684	2764	
214661	Judicial Process in America	Kenneth Davids	103207	5793	1256	
214700	Die Augen eines M??rders.	David Pelham	100490	3492	1211	
214717	Our House in the Last World	David Owen Bell	103380	5039	1205	
214727	Warlock in Spite of Himself	David Hays	104253	9047	1241	
214902	Ballad of the False Messiah	Lawrence David	101013	9583	1236	
214921	T. S. Eliot: The Waste Land	David B Stein	103560	2182	1178	
214923	The best of British cooking	David Butler	101899	565	1341	
215132	The Dirty Girls Social Club	David C. Lohff	102288	683	2256	
215152	Scary Poems for Rotten Kids	David Squire	101508	3408	2764	
215154	Jane Eyre (Puffin Classics)	David H. Farmer	101301	8731	2191	
215206	The Captains Wife: A Novel	David Blunkett	102192	2481	1302	
215216	The Ocean Between Us (Mira)	David Feintuch	100028	2389	1056	
215256	Jonathan Livingston Seagull	David Rosenbaum	100714	4607	2167	
215308	The Legend of Sleepy Hollow	David Williams	103181	2817	2704	
215325	More Than You Know: A Novel	David Millikan	103602	8866	1519	
215430	Don Juan (Penguin Classics)	Cay David	100327	4916	2509	
215469	The Rough Guide to Thailand	David Laurents	100595	2950	1356	
215504	Silver Wings, Santiago Blue	David Handler	103275	631	2884	
215588	Return to Wuthering Heights	David Remnick	100399	8981	2569	
215612	Cyoa Lost Jewels of Nabooti	David Baird	104719	7116	1807	
215716	The Crime of Sheila McGough	David Rowland	104554	1149	1103	
215731	Celeste Ascending : A Novel	David McNally	101594	7091	2476	
215789	Quantity Theory of Insanity	David Borgenicht	103778	5591	1706	
216024	Lonely Planet Laos (3rd ed)	David Dewey	103972	9218	2971	
216031	Looking for Andrew McCarthy	David Riesman	100544	1005	2054	
216032	Supermodels Beauty Secrets	David Grene	102502	129	2526	
216085	A Big Storm Knocked It Over	David Huggins	103156	9246	2691	
216166	The Diaries of Adam and Eve	David M. Masumoto	101856	7026	2845	
216194	The Letters of John Cheever	David M. OBrien	100015	4280	1396	
216412	One Hundred Shades of White	Sandra Davidson	102220	4769	1500	
216566	The Kings peace, 1637-1641	David Seltzer	102868	2812	1305	
216570	The Shake: A Novel of Crime	Nicole Davidson	102789	6763	1570	
216598	When God Doesnt Make Sense	David Chadwick	100733	8946	2086	
216658	Reflections In a Golden Eye	David Kranes	104411	1280	2196	
216701	How to Do Baseball Research	David  Gowdey	101255	5637	1635	
216710	The Best of Robert Benchley	David B. South	104880	9824	1511	
216723	Two OClock Eastern Wartime	David Quinlan	104930	5496	1367	
216789	Middleman and Other Stories	David Willey	101535	2026	1084	
216818	Twinkle, Twinkle Little Spy	David Thibodeau	101272	4952	1678	
216819	Forever Angels (Love Spell)	David Kerekes	102204	600	1912	
216827	The Hunchback of Notre Dame	John  Davidson	100667	5515	1879	
216866	The Ink-Keepers Apprentice	David Herbert Lawrence	103040	2986	1775	
216935	Titanic: The Canadian Story	David Friend	101136	2388	2773	
217072	The African Violet Handbook	James F. David	103635	8595	2332	
217077	The Greatest Joke Book Ever	David Bowker	101414	8845	2945	
217086	Republic (Worlds Classics)	David Anstey	100248	250	1478	
217121	Even Cowgirls Get the Blues	Doris Davidson	101433	6887	2919	
217137	The MERMAIDS SINGING THE CS	David A. Karp	104283	8429	1135	
217141	The Titanic, end of a dream	David \"Zeb\" Cook	100879	2810	2439	
217174	Meetings with the Archangel	David Bowman	101196	1149	2413	
217277	Five Smooth Stones: A Novel	David Lindley	103037	9405	1546	
217279	Das Wittgenstein- Programm.	David C. Smith	100404	313	1622	
217296	Lizzies Liebhaber. Stories.	David Stafford	101533	9193	2013	
217345	The Upside Down Riddle Book	David R. Williams	100390	9983	1323	
217369	Its a Dogs Life (Mcgrowl)	David Mason	103034	899	1330	
217410	Die m??rderische Teerunde.	David Masiel	104963	5112	1406	
217472	Dr. Susan Loves Breast Book	David Kundtz	104710	8191	2784	
217480	Memories of My Ghost Brother	David Yount	104614	5348	1032	
217608	Tales of Neveryon (Neveryon)	David A. Carter	102301	5809	1965	
217627	Taffy Sinclair Strikes Again	David Webster	101844	6597	2314	
217809	Revolution in World Missions	David Matlin	102060	1563	1299	
217829	Coping With Executive Stress	David Cruise	104941	3920	2512	
217886	Texas Gamble (Zebra Romance)	David D. Carroll	104094	4415	1580	
217989	Lie Down With Lions (Signet)	David James Smith	102508	2813	2748	
218005	The white lions of Timbavati	David Ramus	100432	9361	1358	
218012	The Dead Horse Paint Company	David C. Korten	102739	9849	1700	
218027	The Congress of Rough Riders	David Elliot Cohen	103849	513	2343	
218045	The Island of the Colorblind	David McCumber	101041	6009	2085	
218142	Niagara Falls All Over Again	David Seaman	102092	9601	2256	
218148	SIMISOLA AUTOGRAPHED EDITION	David Heber	104519	6360	1121	
218154	Afterglow (Best Of The Best)	David Comfort	102488	6233	2601	
218250	Jan Matejko (W kregu sztuki)	John Davidson	102176	4517	2834	
218252	Whitehall: Tragedy and Farce	David Owen	100424	7956	1472	
218254	By the Pricking of My Thumbs	David Daniel  Kennedy	100944	1040	2423	
218279	A Saint for Your Name: Girls	David M Brownstone	101581	3274	2178	
218351	New Pregnancy and Birth Book	David Cogswell	102219	9086	2202	
218362	Flowers, Birds, and Unicorns	David Fraser	101940	3573	1627	
218386	Still Woman Enough: A Memoir	David Langford	102065	9905	1591	
218407	The Bingo Queens of Paradise	David Mauk	102286	1193	2928	
218480	Little Women (Radio Theatre)	David Stiles	104496	5280	2545	
218489	The Snow Leopard of Shanghai	David Cutts	100014	6085	2245	
218577	Night Shift/Children of Corn	David Rosenberg	102478	2644	1849	
218586	Gammler, Zen und Hohe Berge.	David Limbaugh	100752	5551	2951	
218589	On the Street Where You Live	David Jacobs	102048	4511	1839	
218613	All the Pretty People/#08124	David L. Lander	104661	7353	1665	
218654	La Vida Instrucciones de USO	David Hurst Thomas	100263	4408	2583	
218656	Face Down Under the Wych Elm	David Filkin	104362	2852	1335	
218679	Don Camillo und seine Herde.	David H. Levy	104817	3937	1172	
218890	Secrets (Heitzmann, Kristen)	David Benioff	102447	4618	2935	
218946	Maria or the Wrongs of Woman	David Haynes	103006	8911	2592	
218956	48 Hours to a Healthier Life	David Colley	104447	6842	2482	
219012	Say Good Night to Illiteracy	David Alderton	102615	3063	1261	
219091	Little Book of Pasta Cooking	David Cassady	101479	3454	1352	
219092	Prayers of the Women Mystics	David E. Boruchowitz	100122	2588	1761	
219110	Snowshoe Trek to Otter River	David A. Kaplan	100498	9104	2165	
219145	Der Weg nach Vinland. Roman.	David S. Holmes	103483	8168	2420	
219196	Traditional Scottish Cookery	David L. Harrison	102275	1210	1052	
219224	Planning Extreme Programming	David F. Kohl	102860	3664	1124	
219247	Eisenhower: A Soldiers Life	David G. Riede	104461	244	1022	
219248	The Mystery of Huntings End	David J DeLaura	102546	3410	1303	
219353	20,000 Leagues Under the Sea	David Thomson	102792	9523	2037	
219469	Emergence : Labeled Autistic	David Niven	101498	6693	2881	
219532	A Shepherd Looks at Psalm 23	David Benedictus	100882	6584	1907	
219658	Tricks of the MS-DOS masters	Based on the Larger Workthe Book of Garden Flowersby G.a.R.Phillips Compiled by David Pycraft Illustrated by Joan Lupton	101726	5758	1154	
219660	Come Together. (dt. Ausgabe)	David Guzik	100613	5442	2925	
219734	The Hawk in the Rain : Poems	Marshall B Davidson	104291	3111	1397	
219790	Ready? (Love Trilogy, No. 1)	Ph.D. David Lewis	101595	3981	1145	
219844	Lesbian Sex: An Oral History	David Martindale	103336	7214	1184	
219942	One Hundred Ways to Serenity	David A. Stoop	104449	4108	1166	
219960	Variety Portable Movie Guide	David Wild	103280	6455	1369	
219972	Bible Code II: The Countdown	David W. Barber	100168	827	1059	
219973	Conan the Victorious (Conan)	David McTaggart	102843	6525	2336	
220112	Fashion in Costume 1200-1980	David Aikman	100907	916	2545	
220120	Stephen Kings Danse Macabre	David A. Seamands	100758	5702	2258	
220157	Fatal Honor (Force Recon, 5)	David Taylor	104407	6801	2048	
220335	Nice Girls and Other Stories	David Hoffman	100049	2274	2358	
220443	Lila: An Inquiry Into Morals	William H. Davidow	100459	4904	2032	
220479	Ten Poems to Open Your Heart	David Crosby	104730	4747	2915	
220488	Learning Perl, Third Edition	David C. Kay	101545	9720	2462	
220500	Tinker, Tailor, Soldier, Spy	David Colfax	102044	35	2081	
220513	The Wampanaki tales: A novel	David Lynch	102160	7598	2345	
220534	Venezianisches Begr??bnis.	David Anthony Durham	104646	9545	1913	
220549	Tesaurus Melayu moden Utusan	David Crystal	104538	935	2680	
220582	Illustrated Bible Dictionary	C. David Chase	104775	5115	2460	
220603	Growing Pains of Adrian Mole	David Davis	103005	9464	1950	
220629	Secret Forces of the Pyramid	David Eddie	103675	2253	1389	
220639	The Captain of All Pleasures	David Manuel	102091	6256	2929	
220642	Reflections on the Civil War	David Stukas	103516	9126	2928	
220644	Handprints (Silhouette 1407)	David Lorimer	103617	3965	2607	
220733	Memory and the Mediterranean	David Baddiel	100869	6332	1039	
220746	Zur Stadt Paris: Geschichten	Cathy N. Davidson	101547	9840	1269	
220794	The Insider (Family Secrets)	David Dary	104055	3072	2675	
220873	The lie of the land: Fiction	David Morgan	104167	878	2580	
220893	Tales of the Knights Templar	Leon David Adams	100920	5161	1700	
220985	Lettre dune amoureuse morte	David M. Pierce	103432	5317	2281	
221000	The Irish Manor House Murder	David Hanks	102184	7455	1495	
221037	Duke Nukem Does the Internet	David Gifaldi	103122	7371	2263	
221150	A Woman of Independent Means	David L. Bender	100631	2054	1043	
221153	Heroes Who Changed the World	David Melton	102427	7173	1127	
221164	On the Street Where You Live	David, Dr. Stoop	101026	5133	2125	
221167	The Nature of Space and Time	David Helwig	100334	6042	1209	
221269	Hung Out (Mag Force 7 Series)	David D. Alt	101719	6972	1029	
221274	Frosty: A Raccoon to Remember	David Fisher	103566	7054	2709	
221279	A Fold in the Tent of the Sky	David Viscott	103667	9922	2087	
221364	Le Poulpe: Le Saint Des Seins	David Burton	102357	4171	2611	
221367	Understanding human sexuality	David Henry Hwang	101433	4243	1689	
221374	The Silva Mind Control Method	David Sherman	103094	972	2758	
221487	FATAL SECRETS : FATAL SECRETS	David Mas Masumoto	102311	2276	1414	
221563	Golden Apples of the Sun, The	David Rogers	102918	9158	1525	
221571	Men Cry in the Dark : A Novel	David Sider	104033	1700	2725	
221664	Manchild in the Promised Land	David K Shipler	101864	3272	1318	
221824	Hide And Seek (Intrigue, 122)	David Phillips	104724	5112	1356	
221854	Nouvelles et textes pour rien	James West Davidson	104071	8071	2133	
221881	Confessions of an Eco-Warrior	David Callahan	103569	888	2961	
221885	The Cruise of the Arctic Star	David Laskin	100947	4327	1403	
222051	The Barnstormers (Skymasters)	David Kessler	100219	6053	2637	
222101	Simplicity: The Art of Living	David Seidman	104709	5423	2801	
222125	Calhoun &amp; Kid (Loveswept)	David Eastman	104780	8648	2172	
222155	Mindstar Rising (Greg Mandel)	David Barton	102074	3334	2636	
222270	Have You Seen Hyacinth Macaw?	David L. Ulin	103448	7423	2676	
222338	In the Fifth at Malory Towers	David Sweetman	102708	4732	2987	
222418	Young Fu of the Upper Yangtze	David St Clair	104184	8881	1779	
222465	Three Apples Fell from Heaven	David Lida	103129	627	1294	
222522	Das geheime Wissen der Hexen.	David Weir	104421	7748	2415	
222626	My Puppy (Little Golden Book)	Robert Davidson	100172	1123	1044	
222750	Fun with 1,2,3 (Sesame Seeds)	David Hare	101023	6829	1542	
222753	Minnesota Trivia (Trivia Fun)	David Auburn	101602	3160	1950	
222799	Babys 1 2 3 (Super Chubbies)	David Edgar	104320	9297	2590	
222814	Principles of Animal Behavior	David Wolman	103629	3143	2132	
222841	Shibboleth: My Revolting Life	David Norman	100649	5559	2546	
222865	Websters New World Thesaurus	David Lowe	101471	8162	2798	
222874	Zen, Tradition and Transition	David Wisniewski	102163	2410	2353	
222960	The MYSTERY OF SWORDFISH REEF	David West Reynolds	102926	4836	2284	
222994	Mary Kay on People Management	David L. Sloan	103635	1094	1245	
223036	Treasury of Investment Wisdom	Osha Gray  Davidson	104171	6731	2724	
223097	El Dios de Las Pequenas Cosas	David Wingrove	104158	1971	1256	
223217	El Sabueso de Los Baskerville	David Schinkel	103348	2733	2349	
223246	A Life Less Ordinary: A Novel	David Zeman	101877	2813	1671	
223307	Just Wanna Have Fun (Rugrats)	David Norris	104088	3808	1605	
223328	Rescuing Rose (Red Dress Ink)	David Millard	100963	389	2295	
223338	Borrowed Time: An AIDS Memoir	Frederick David, Graves	104201	1174	1538	
223340	The Philosophy of Andy Warhol	James David Darling	101335	7082	2728	
223353	The Gospel According to Larry	David T. Suzuki	100587	949	2015	
223357	The Diary of Chickabiddy Baby	David Macdonald	103373	4459	1427	
223465	The Pop-Up Book of Big Trucks	David Hooks	101604	8398	1070	
223548	Seven Froggies Went to School	David Knight	100066	9084	2719	
223553	Brod-Decline And Fall Waugh E	David Brenner	103311	3111	1495	
223570	Great Jobs for English Majors	David Elkind	101936	8962	1650	
223590	1700: Scenes from London Life	David A. Vise	102555	3472	2146	
223619	Daughters of the Shining City	David Whitford	100069	4434	2339	
223620	The House of the Seven Gables	David Barich	102925	1265	2493	
223661	Traumfrau mit Nebenwirkungen.	David Ball	101244	2411	1040	
223662	Teaching Your Children Values	David L Kirp	102034	5267	1148	
223712	Postgresql Programmers Guide	David Denby	101427	1116	1732	
223723	I Can Count (Plyatime Series)	David Small	104654	2713	1515	
223860	Death of an Honourable Member	David Mack	104779	9156	1749	
223979	The Basic Book of Photography	David Grossman	101209	2755	2071	
224171	A Second Mencken Chrestomathy	David Alexander	100194	9092	1509	
224216	Verse by the Side of the Road	David Czuchlewski	100960	2860	2421	
224305	Plague In Shakespeares London	David Farris	102145	2772	1690	
224382	La soci??t?? du spectacle	David Macauley	101467	3745	1051	
224385	Guide to New Mexico Mountains	David Cody Weiss	102003	838	1352	
224414	Winn L. Roschs Printer Bible	David Henry Sterry	102295	4533	1959	
224477	Ahoy There, Little Polar Bear	David Allen	102961	5242	2677	
224514	Vlad the Drac Goes Travelling	David Boctor	102157	9190	2251	
224549	Get Rid of Anxiety and Stress	David Ellwand	100583	8329	2210	
224557	The Egyptian Gods: A Handbook	David Long	103087	923	2244	
224590	The Partner (special edition)	David Holland	101877	1634	1559	
224633	Olympiad: An Historical Novel	David Bartholomae	104611	805	1088	
224835	The Downing of TWA Flight 800	David Gelernter	103991	6541	2951	
224845	Kansas City: Heart of America	David Howarth	100239	3606	2275	
224860	Critiques of Pure Abstraction	David Antony Kroft	101948	3505	1820	
224986	The Angle Quickest for Flight	David Champion	102937	867	1777	
224998	Upanishads (Penguin Classics)	Lionel Davidson	102268	4036	1481	
225084	Miss Muriel and Other Stories	David London	104905	3844	2935	
225088	The Art of War: Sunzi Bing Fa	David G. Benner	102457	4141	1650	
225094	Belle Boyd in Camp and Prison	David Treuer	101071	9336	1717	
225099	Basic Judaism (Harvest Book.)	David Alan Black	101426	4566	1885	
225146	Matthew Jackson Meets the Wall	David E. Scherman	101409	4747	2252	
225237	La Mort aux yeux de porcelaine	David Ireland	101024	4407	1615	
225249	Police Cars: A Graphic History	David Rubel	103270	5941	2987	
225252	Master Class in Figure Drawing	Carson Davidson	100317	8951	2762	
225293	Jane Brodys Good Seafood Book	David A. Yallop	100679	2245	2920	
225302	Just Jackie: Her Private Years	David Schnarch	100303	9485	2600	
225325	Rocky. Der Mann mit der Maske.	David Zeb Cook	101499	6296	2484	
225422	Secrets of a Telephone Psychic	David R. Collins	101286	1522	1510	
225452	LA Metamorfosis (Intemporales)	David Browne	100790	290	2113	
225483	Wo das Meer den Himmel umarmt.	Anthony Michael David	104762	6698	1422	
225516	Golf Dreams : Writings on Golf	Janina David	103557	1372	2318	
225680	Star Wars - Episode 1 - Play-A	David McRobbie	101515	410	2740	
225722	Sharpening: The Complete Guide	I. David Welch	103680	2180	2694	
225822	This Is the Way the World Ends	David Lewman	103202	6170	2171	
225844	Journals of Anais Nin Volume 4	David Rosengarten	102038	8677	2137	
225944	The Coming of the Quantum Cats	David G. Blair	103761	5859	2371	
225945	Dali (Mallard Fine Art Series)	David Bodanis	100639	6820	2936	
225953	Fuzz: An 87th Precinct Mystery	David A. Philips	104499	2436	1255	
225963	ADO 2.1 Programmers Reference	David Hill	104126	8447	1817	
226029	American Nature Writing - 1995	David H. Albert	102466	2747	2823	
226087	Avicena y El Relato Visionario	David G. Miller	100417	2267	2768	
226094	HOW TO BE YOUR OWN STOCKBROKER	Joshua David Stone	103628	6401	1518	
226135	Friends Through Thick and Thin	David R. Grant	100329	6750	2962	
226148	Amish Women: Lives and Stories	David L. Johnson	102497	8985	1065	
226609	The History of Luminous Motion	David V. Barrett	102605	2854	2855	
226706	The Thirteen Days of Christmas	David Lipsky	102997	9013	1213	
226791	The new cross-country ski book	David Joachim	103879	4401	1796	
226928	The Great Canadian Trivia Book	David Dun	102946	1272	2503	
226941	Vancouver: Secrets of the City	Alice Davidson	101260	2816	2107	
226949	Highlander Gambit (Battletech)	Alice J. Davidson	100852	5835	2406	
227032	Money Book of Personal Finance	Andrea Davidson	103387	1473	1225	
227044	Glory Bound #155 (Glory Bound)	C. David Heymann	100367	9887	1228	
227127	Mein langer Lauf zu mir selbst	Toni Davidson	100818	8101	1067	
227130	Gengis Khan et lEmpire mongol	David Black	100480	4290	1444	
227132	Angel of Mercy (Mercy Trilogy)	David Arnason	104711	5835	1284	
227162	A House Named Brazil : A Novel	David Henry Wilson	103485	3890	1183	
227188	Como No Ser Una Madre Perfecta	David Foster	104989	2622	2633	
227214	The Garden Bird Survival Guide	David Belbin	100295	4630	2312	
227219	Earls Court and Brompton Past	David M. Lubin	104836	7946	1378	
227228	N SYNC: TEARIN UP THE CHARTS	David Charney	101557	1622	2330	
227399	The Lord Peter Wimsey Cookbook	David Grambs	100285	8051	2574	
227547	Der Struwwelpeter Auf Englisch	David Trueba	100033	3924	1024	
227575	Rebecca Wells Audio Collection	David A. Rives	102388	732	1298	
227588	Bunches and Bunches of Bunnies	Jessica Davidson	100185	8940	2920	
227603	Adventures of Huckleberry Finn	David Alan Stockman	100533	5798	1256	
227644	Adventures of Huckleberry Finn	James Dale Davidson	100654	518	1898	
227664	Rudolph the Red-Nosed Reindeer	David Lines	101129	984	1733	
227677	Poetry Has Had Its Way With Me	David Stephenson	101008	3314	2715	
227719	Death in the Valley of Shadows	David Morehouse	100112	524	2424	
227854	Animal Antics: A Photo  Expose	David Burder	102300	2839	1020	
227939	Embrace the Wind (Zebra books)	David Clarke	103886	7961	1129	
228012	Across the Rainbow (Timeswept)	David K. Kirby	101178	9352	1299	
228028	Quinze Jours Dans Le Desert an	David Brickner	102075	6821	2810	
228088	No. 1 Ladies Detective Agency	Scott David Aniolowski	104911	8358	1857	
228090	City Girl in Training  (Tango)	Margaret Davidson	103865	1552	1280	
228194	Gate of Ivrel (DAW Books = sf)	David Heller	100944	3219	2820	
228228	Dans les coulisses du mus??e	David J. Hassel	100171	5958	2033	
228235	Safe Word: An Erotic S/M Novel	David New	102792	4213	1201	
228308	Photographing Fairies: A Novel	David T. Demola	104480	8547	2346	
228350	Bernsteins Reverse Dictionary	David G Hartwell	104097	9870	1616	
228447	Seabiscuit: An American Legend	David Gurr	100875	6306	2001	
228458	Transmitir Valores a Los Ninos	David Abodaher	101317	2375	2001	
228487	Sabriel (The Abhorsen Trilogy)	David Protess	101117	2882	1099	
228489	Little Women (Puffin Classics)	David Saperstein	100540	4536	2481	
228582	Runaway Ralph (Cleary Reissue)	David Burne	100120	6731	1450	
228631	Die S??ulen der Erde. Roman.	David J Schwartz	104194	125	1109	
228634	Seabiscuit: An American Legend	David Carson	103607	1734	2953	
228661	Conversations With Rabbi Small	David Lambkin	104702	43	1774	
228718	Letters Of A Javanese Princess	David Westwood	100210	9166	2381	
228727	Star Streak : Stories of Space	David Vanwade	101827	3699	1118	
228732	Introducing Jung (Introducing)	David P Campbell	102066	2760	2870	
228736	Gods Gift For Mothers Leather	David Armstrong	100094	1407	1584	
228865	Your Mouth Is Lovely : A Novel	David Fain	102585	8062	1393	
228868	Oranges Are Not the Only Fruit	David Maraniss	100559	9593	2933	
228880	Practical Intranet Development	David L. Meinz	100414	7566	2620	
229027	Krogufant: Ein Klapp-Bilderbuch	David G. Myers	104184	9865	2380	
229159	Sturmwind. Ein Darkover- Roman.	David Siegal	101034	6589	1444	
229161	Gathering Blue (Readers Circle)	David L. Robbins	101203	6689	2852	
229167	Citation: In a Class by Himself	David Rendall	101347	4186	2741	
229178	In Pursuit of the Proper Sinner	David Freeman	102671	4541	1451	
229258	To Our Childrens Children Book	David Housewright	103548	8539	1594	
229462	Crashboomlove: A Novel in Verse	David M. Kennedy	101170	5774	2848	
229500	Midnights Masters (Ragnarok 6)	David T. Kearns	103876	4546	2770	
229551	The Exploits of Sherlock Holmes	David Best	103017	1105	1737	
229617	School of Fire (Starfist, No 2)	David W. Schell	104321	4080	2517	
229642	The Night Thoreau Spent in Jail	David J. Skal	102189	7184	1618	
229670	Die Wege des B??sen. Stories.	Catherine Temma Davidson	103691	4772	2571	
229749	Loner (Harlequin Desire, No 94)	David P Cobham	104933	7789	2279	
229751	Forbidden knowledge: Or is it--	David Whitehouse	100966	1908	1225	
229752	The Cambridge Companion to Jung	Maryjanice Davidson	100854	498	2685	
229872	A War of Eyes and Other Stories	Robyn Davidson	100512	7406	1382	
229927	In Pursuit of the Proper Sinner	David Neumark	104602	2226	2463	
229933	A Natural History of the Senses	David M. Gordon	101724	1727	2318	
229944	The Extreme (Animorphs , No 25)	David C. Anderson	101184	7085	2907	
229987	Lethal Trade (Able Team, No 45)	David Lindsay	101137	7261	2144	
230037	Stardust (An Avon Camelot Book)	David Rehak	102039	917	2265	
230046	Unforgettable (Haunting Hearts)	David Yallop	103089	2417	1831	
230088	A Scandalous Affair (Arabesque)	David Kent	100385	3882	1804	
230252	The Group (Hbj Modern Classics)	David Faber	100262	1221	1282	
230381	The Samurai: A Military History	John David Ebert	101581	5793	1367	
230632	The Silmarillion (Silmarillion)	David Kherdian	100452	3619	1157	
230666	The Years Best Fantasy Stories	David Ovason	102663	1905	1458	
230691	Iraq (Enchantment of the World)	David St. Clair	104851	4200	1527	
230740	The Backyard Astronomers Guide	David Shields	104528	5753	1359	
230755	Fairy Tales of Charles Perrault	Joe David Brown	101787	6121	2909	
230774	The Complete Book of Cockatiels	David Sibley	102450	5380	1339	
230830	Night Animals (Totally Amazing)	David, Ph.D. Nicolle	102315	7158	1086	
230845	The Craft of the Japanese Sword	Frena Gray-Davidson	100255	3209	2126	
230885	The Best Of Girls To The Rescue	David Cook	101303	6154	1402	
230954	History of Andersonville Prison	David Jeremiah	102067	5173	1192	
231009	Teachers Little Book of Wisdom	David Markson	101065	2907	2163	
231183	Consumer Behavior (7th Edition)	Lauren David Peden	102464	5251	2435	
231252	If Not on Earth, Then in Heaven	David Keller	101183	7880	2287	
231320	Planet Earth: The Final Chapter	David Pritchard	101080	6006	2710	
231335	Global Studies: The Middle East	David Lawrence	100685	4017	2735	
231444	Bowhunting Pressured Whitetails	Brin David	104483	3951	1634	
231469	Big Bug Search (Big Bug Search)	David Nokes	100004	5596	1450	
231517	Reporting Technical Information	Milton C Wise, David Cummings	102465	6535	2689	
231532	Play Dead (Hart and Soul, No 2)	David McPhail	102270	6421	1546	
231580	Just Enough Dutch (Just Enough)	David Levithan	104596	9812	1311	
231607	Blues #1 Picnic (Blues Clues)	Jeffrey P. Davidson	102152	3753	1197	
231654	Exclusively First Ladies Trivia	David Pringle	100689	5918	2449	
231689	Foxfire 7 (Foxfire (Paperback))	David G. Tompkins	100797	5527	1302	
231708	Call Me Sin (Loveswept, No 529)	David W. McCullough	100332	1965	2431	
231725	The Ultimate Baseball Quiz Book	David Vanmeter Smith	100176	6417	2252	
231758	How to Make Your Child a Winner	David J. Howe	100682	2750	1118	
231801	The Competition (Silver Blades)	David Gow	103237	2416	3000	
231829	First Comes Love (Desire, 1323)	David A. Boruchoff	102331	5008	1864	
231838	Humpty Dumptys holiday stories	David Searcy	100108	3417	2403	
231895	Selected Poems (Poetry Library)	David Torres	100897	4308	2653	
232119	An Invitation to Indian Cooking	David Milton	104509	9466	1640	
232167	When I Was Five I Killed Myself	David Bolger	104911	1285	2910	
232214	Classic Philosophical Questions	David Leitz	103879	9522	1635	
232259	Death of a River Guide: A Novel	David Gould	102820	8194	2834	
232263	Cliffsnotes Managing Your Money	David G. Herrmann	100478	4526	2273	
232298	Der Flug der Schw??ne. Roman.	David J. Schwartz	104987	8389	1405	
232311	The Stalking Man (Stalking Man)	David Braid	102980	1342	2114	
232367	Joyeux No??l, Merry Christmas	David Gergen	100605	3774	1597	
232383	Solid Gold Prospect (Loveswept)	David Potorti	103728	774	1530	
232384	Oranges in the Snow (Loveswept)	David Icove	102445	3190	2493	
232504	Bertie and the Crime of Passion	David E. Scheim	103083	5614	2330	
232514	Die Fernsehgeisel. ( Ab 14 J.).	David, M.D. Hilfiker	104115	958	2110	
232537	Fantasy Stories (Story Library)	David F. Allen M.D.	100900	2326	2813	
232542	And With the Gift Came Laughter	David Ryan Long	104372	4609	2790	
232594	Hostile Waters (Hostile Waters)	David E. Fisher	100082	238	1575	
232617	Beyond Rejection (del Rey Book)	David R. Reuben	102818	958	2051	
232675	The Philip Schofield Fun File 1	David Bergen	100757	3206	2291	
232687	Tracing Your Civil War Ancestor	David Fairer	102918	9129	2921	
232757	Complete Stories of Franz Kafka	David Duncan	103291	2309	1777	
232783	Bargello: Florentine Canvas Work	David Morris Potter	103881	9048	1394	
232900	Beatriz et les corps c??lestes	David J. Chalmers	101315	9804	1403	
232924	Ein diplomatischer Zwischenfall.	David Tillman	101475	4548	1953	
232953	The Lazy Lion (Read by Yourself)	David Koenig	102906	2028	1146	
232954	Pollys Pet (Little Golden Book)	David Packard	103760	109	2446	
232984	The Small Town Childrens Easter	David A. Jackson	103721	5762	2671	
233014	Eugene Onegin (Penguin Classics)	David Cannadine	101956	5504	1079	
233040	Sc??nes de la vie de boh??me	David MacFarlane	102260	1503	2841	
233093	The Practice of the Wild: Essays	David Pollard	104495	2656	1091	
233135	The Distant Echo (Mcdermid, Val)	Elizabeth McDavid Jones	100119	1990	2969	
233146	Champagne Kisses, Cyanide Dreams	David Sox	100124	4542	2028	
233162	ENTRIES FROM A HOT PINK NOTEBOOK	David Hubbert	101005	677	2558	
233173	The Dragon Circle (The Stargods)	Robert David Fitzgerald	101152	8436	2516	
233212	Der Meister des Siebten Siegels.	David Hey	104074	6012	2559	
233238	How to Be Your Cats Best Friend	David Wojahn	104616	9396	2326	
233309	Darbys Rangers : We Led the Way	David Locke	102326	3545	2441	
233328	The Maverick Poets: An Anthology	David Brancaccio	102460	2458	1019	
233407	Dead March (Civil War Mysteries)	David A Yallop	103871	85	1881	
233436	Discovering French Blanc Level 2	David Silva	103236	5812	2094	
233440	The Barrens: A Novel of Suspense	David Brill	103715	5313	2720	
233578	Clans &amp; Tartans   0004725018	David Elliot	100034	9428	1027	
233589	Wanderlust: A History of Walking	David Greenberg	101416	3993	2508	
233654	Charles in Charge, Again (Point)	Lisa Davidson	102464	1207	1512	
233739	Cranford (Dover Thrift Editions)	David Cross	104076	3654	1489	
233986	Dragonstrike: The Millennium War	David Rabe	104588	6198	2955	
233996	LA Sombra Del Cipres Es Alargada	David A Adler	100698	3983	1063	
234037	The Red Ghost: An Ewok Adventure	David Hartwell	102079	859	2464	
234040	Turning Wood With Richard Raffan	David Scott	102802	2966	1653	
234063	The Bridge over Flatwillow Creek	David Sheinkin	104382	275	1150	
234138	Spending: A Utopian Divertimento	David Ebershoff	101124	6165	1833	
234148	Night Dreams (Loveswept, No 591)	David Robertson	103801	8016	2243	
234183	The Mystery of the Haunted Trail	David W Augsburger	102839	6798	2921	
234228	The Treasure of the Sierra Madre	David Willis McCullough	103287	7981	2968	
234234	Angry Housewives Eating Bon Bons	David Rosen	102992	6019	2143	
234244	The Last Time They Met : A Novel	David Pelletier	102222	2049	1738	
234257	The Moon by Night (Morris, Lynn)	David Klass	104150	3118	2520	
234337	Dark Desire (Paranormal Romance)	David M. Schwartz	103834	4045	2946	
234423	Jedes Sandkorn ist ein Buchstabe	David Finch	100493	2027	2960	
234443	The Womanly Art of Breastfeeding	David Lewis Stein	102532	2328	1894	
234448	Mrs. Frisby and the Rats of Nimh	David R. Hawkins	101699	4101	2647	
234458	Dancing on Air (Harper Monogram)	David Patneaude	100573	65	1239	
234463	The Grub-And-Stakers Spin a Yarn	Gregory David Roberts	102284	4287	2488	
234531	How to Murder Your Mother-In-Law	David Stewart	101068	4852	1053	
234570	MANUEL DU GUERRIER DE LA LUMIERE	Alistair Davidson	104250	544	1575	
234630	Fahrenheit 451 (Spanish Version)	David Wishart	101566	9091	1471	
234670	The Language of Threads: A Novel	David Mercer	102944	4970	2314	
234695	Georgiana: Duchess of Devonshire	David Hakken	103929	3274	1563	
234745	Pancakes, Pancakes (Blue Ribbon)	David Solomon	102424	4271	2798	
234796	Harveys Horrible Snake Disaster	David M. Rosenthal	102780	6512	2567	
234828	Das Feuerschiff. Erz??hlungen.	David Hamilton	101002	2731	2817	
234833	OZ CLARKES ENCYCLOPEDIA OF WINE	David E. Cooper	100238	5147	1260	
234837	A Handbook for Drowning: Stories	David McNaughton	100265	9380	2423	
234925	Water, Stones &amp; Fossil Bones	David Dale	102853	4057	1515	
234951	And Then They Were Nuns: A Novel	David Sternberg	103114	6647	1774	
234983	Scary Stories for Sleep-Overs #8	David Traill	102538	7997	2606	
235009	Dragonheart: Junior Novelization	David Bohm	103692	1027	1121	
235027	La forma dellacqua (La memoria)	David V. Sheehan	103044	8737	1939	
235093	Lost Years of Merlin: Froggy-Can	David L. Lewis	100493	7525	2586	
235131	Start Here (Have a Nice Life #1)	David W. Sanderson	100551	6000	1982	
235136	Stray Hearts (Its a Dogs Life)	David Hughes	102255	2947	1110	
235174	Andrew Wyeth: The Helga Pictures	David Brock	100754	790	2657	
235201	Slaughter of the Innocent (432P)	David Gamon	100870	3971	1731	
235248	How to master the art of selling	David Goodis	101695	5683	2318	
235335	Introducing Newton (Introducing)	David Sterry	102411	1241	2553	
235351	Palladio (Architect and Society)	David Hilfiker	100434	6579	2651	
235397	The Putt at the End of the World	David R.  Reiser	101861	1123	2864	
235588	Hersheys (R) : Fabulous Deserts	David Blair	102112	2682	2066	
235722	Doppelportr??t. Drei Novellen.	David Margolick	101585	1087	1320	
235901	Confessions of a Medical Heretic	David Darke	103170	8231	1416	
235923	El Leopardo Caza En La Oscuridad	James D. Davidson	104891	2768	2786	
235932	Uncle Johns 5th Bathroom Reader	David Prebenna	100931	3028	2795	
235949	The Enchanted Attic (Shivers #1)	David A. Stern	104557	9504	1341	
236041	Diamonds &amp; the Arrogant Rake	David Wiseman	104883	6543	2577	
236126	Downstairs, Upstairs (Elizabeth)	David McDonald	101230	9149	2153	
236159	We Go Shopping (Learning Curves)	David E. Lawrence	104469	5382	2404	
236219	Meditations for Soul Realization	David Pond	103522	7280	2708	
236256	Paradise Lost (Penguin Classics)	David Ulansey	104412	1190	1949	
236325	The Canadian Rockies Trail Guide	David Pogue	101931	8472	1728	
236399	Maggie Simpsons Book of Animals	David Metzenthen	104894	1269	1065	
236429	Spirit Catcher (Haunting Hearts)	David Steindl-Rast	102611	345	1701	
236462	Inside Star Trek: The Real Story	David W. Ball	101893	968	1142	
236538	Babys A-B-C (So Tall Board Book)	David Wind	102343	1833	2428	
236602	Elf: A Short Story of a Tall Tale	David Robinson	100167	932	2091	
236621	Dreamskate (Sweet Dreams, No 211)	David Cay Johnston	102278	7071	2244	
236637	Dont Eat Your Heart Out Cookbook	David Bryan	104927	9851	1013	
236679	Occult and Supernatural Phenomena	David Shribman	104792	3959	1847	
236726	No Limit to Love (Kismet Romance)	David Horwell	104456	593	1293	
236873	The Sesame Street Book of Shapes.	David Alan Drummond	102715	9638	2140	
236891	Stunt Flying With Paper Airplanes	David Clay Large	103034	1825	1184	
237048	La abundancia a trav?s del reiki	David A. Crowder	100092	5773	1588	
237068	Eleanor of Aquitaine: A biography	David G. Goodman	101029	5139	2119	
237085	Farewell to My Concubine: A Novel	David D. Edwards	102631	5886	2345	
237086	Opernball. Jubil??ums- Edition.	David Martyn Lloyd-Jones	100966	5489	2161	
237141	Go Eat Worms! (Goosebumps, No 21)	David Bassom	103815	1933	2143	
237171	Delta Search (Quest for Tomorrow)	David Lee Harrison	100698	2795	1361	
237173	Born in Sin: A MacAllisters Novel	David Wicinas	104714	1579	2569	
237177	Adrian Mole, the wilderness years	David Knowles	100099	9241	1264	
237198	Abnormal Psychology (4th Edition)	David Hurwitz	100322	2229	2174	
237240	On Green Dolphin Street : A Novel	David Fromkin	103085	6313	1124	
237268	Sarah : A Novel (Canaan Triology)	David A. Kaufelt	103794	4338	2615	
237340	That They May Face the Rising Sun	Jerome David Salinger	100977	5320	2963	
237471	Star Trek Giant 3: Final Frontier	David J. Seibold	102895	1738	1557	
237581	The Rise and Rise of David Geffen	Chris C. Davidson	100888	9197	1855	
237602	Manhunting (Harlequin Temptation)	David S. Bennahum	103120	9089	2006	
237742	For the Love of Lovelylocks (Jem)	David Hood	100793	8363	1463	
237758	Loudmouth George and the Big Race	David J. Tenenbaum	104521	7648	1874	
237917	Death in the Ashes (Ashes Series)	David Sudnow	102365	2946	2586	
237967	Cosmic Trigger II : Down to Earth	David Fulmer	102489	7303	1966	
237972	Alligator Moon (Author Spotlight)	David McClintick	103850	7212	2687	
237987	Boss: Richard J. Daley of Chicago	David Rohde	102590	8536	2743	
238072	HANNAH AND THE HIPPOS NO MUD DAY	David Buchla	100040	3140	2880	
238134	The Woodlanders (Worlds Classics)	David H. Borcherding	104662	7785	1196	
238170	Eat to Win Sports Nutrition Bible	David N. Smith	101031	7898	1443	
238172	The Childrens Writers Reference	David Maybury Lewis	102939	620	1709	
238173	Den Wolf umarmen. Autobiographie.	David Howells	102508	8877	2364	
238188	La Plus Belle Histoire de lHomme	Gustav Davidson	102699	214	1676	
238413	Cuisine of the American Southwest	David Carter	100189	6627	2230	
238419	No Place for a Nervous Lady (Uqp)	David Angell	102975	2328	1500	
238427	Allez, Viens: Holt French Level 1	Bill Davidson	104090	8309	2133	
238476	Les Croisades vues par les arabes	David W. Wolfe	102315	720	2386	
238489	Make a Wish for Me (Beany Malone)	David Snowdon	101012	4898	2268	
238502	Milwaukee: The Best of All Worlds	David Cole	103515	381	1055	
238504	The World Trade Center Remembered	David F. DAlessandro	102335	7861	1588	
238534	Treasure Island (Puffin Classics)	David Miller	100687	8832	2729	
238626	Wizards Spell Compendium, Vol. 2	David Irving	100073	4876	1170	
238687	Dona Berta (Relato Corto Aguilar)	Jeffrey Davidson	100300	4466	2488	
238779	Titus Groan (Gormenghast Trilogy)	David M. Raup	104060	2969	2909	
239037	Spiderweb for Two: A Melendy Maze	David Vestal	100920	2423	1058	
239064	Round the Corner (Sister Circle)	David Sinclair	102290	280	2910	
239107	Learn German the Fast and Fun Way	David McCarthy	101454	9533	2728	
239126	Gamepro Hot Tips: Adventure Games	David Ives	101599	8065	1079	
239187	Heres to You, America! (Peanuts)	David Hutchison	101957	6317	1539	
239283	Rectors Wife (Eagle Large Print)	David D. Galloway	101122	4327	2240	
239287	The Loon: Voice of the Wilderness	David &amp; Charles	102726	6422	2695	
239304	Ethel Waters, I touched a sparrow	David Niall Wilson	103475	8498	2209	
239312	As I Am: Abba Before &amp; Beyond	Joie Davidow	103720	1346	1989	
239364	Country Kittens Purfect Christmas	Tony David	101186	1601	2854	
239542	NetWare for Dummies (For Dummies)	David S. Landes	101966	5157	2185	
239561	Die Farm in den gr??nen Bergen.	David Cowles	102545	9787	1525	
239612	Mansfield Park (Worlds Classics)	David Pallone	102365	7468	2361	
239703	Coronation Street: The Epic Novel	David Beers	102303	1917	2014	
239773	Caregiver Therapy (Elf Self Help)	David G. Jarrell	103108	4337	2455	
240036	That Damn Single Shot (Long Guns)	David Bergland	103285	4466	2107	
240052	Wholeness and the Implicate Order	David K. Barnhart	104255	7503	2072	
240104	What They Did to Princess Paragon	David Grand	103034	2082	1471	
240115	Time and chance: An autobiography	David N. Odhiambo	101961	4820	2651	
240183	Ice Maiden (Harlequin Historical)	David Dworkin	103698	929	1974	
240454	Werewolves in Their Youth: Stories	David Cooper	100211	6601	1226	
240494	Microsoft(r) Exchange 5 Sourcebook	David A Seamands	103361	5356	1871	
240506	A Stranger in the Kingdom: A Novel	David Nemec	103677	770	1132	
240538	Realms of Valor (Forgotten Realms)	Ivy St. David	101107	816	2459	
240540	The Way I See It: An Autobiography	James Davidson	102740	3840	1825	
240541	Wagons West Missouri (Wagons West)	David J. Miklowitz	103256	7385	1959	
240578	Dracula (Broadview Literary Texts)	David J. Goldman	104504	6333	1082	
240614	Ewan McGregor: Rising to the Stars	J. David Bergeron	100845	1589	2371	
240618	Sylvias Lovers (Penguin Classics)	David James Bright	102308	2694	2732	
240748	Petticoat Prisoners of Old Wyoming	David Parks	100923	6460	1023	
240761	One Dark Night (Berkley Sensation)	David Frawley	102872	816	2076	
240769	Die Farbe von Wasser. Erinnerungen	David Rosenthal	100565	2290	2362	
240805	The World Almanac Real Puzzle Book	David G. Gordon	100291	3330	1170	
240911	A General Theory of Love (Vintage)	David Kelley	104968	918	1519	
240942	Gap Creek: The Story of a Marriage	Alexandra David-Neel	102894	2257	1214	
240969	Sunshine Sketches of a Little Town	David Rigsbee	100537	2904	2328	
241170	The Famous Stanley Kidnapping Case	David Edmunds	102268	9232	2599	
241177	A Complete Introduction to Rabbits	David Siegel	102951	335	2875	
241249	The Ruth Stout No-Work Garden Book	Albert David Mackie	103591	6554	1194	
241273	Die letzte Verschw??rung. Roman.	David Feherty	103362	3399	2938	
241429	Charlton Heston Presents the Bible	David Henderson	103613	7010	1830	
241514	Yellowstone Trails: A Hiking Guide	David Thomas	100270	5829	2326	
241526	Marianne Williamson on Work/Career	Davidyne S. Mayleas	100404	9641	2417	
241562	Human Biology &amp; Health Activit	David Stenn	103935	3361	1573	
241698	Pharaohs Tomb (Cyberquest , No 1)	David Wallace	102155	7052	2449	
241721	The Changeling (Bullseye Chillers)	David N. Durant	103354	4262	2708	
241760	Basics of Radio Control Sailplanes	David C. Heymann	104789	3237	2074	
241877	THOUGHTS FROM THE SEAT OF THE SOUL	David Loxterkamp	103121	8299	2607	
241882	In the Snow Forest: Three Novellas	David Kerven	100618	2278	1126	
241891	Annie Oakley (Legends of the West)	David C. Gardner	101637	7199	1974	
241934	Core Web Programming (2nd Edition)	David Beckmann	104627	8480	1013	
242052	The Body Sculpting Bible for Women	Jenny Davidson	100916	5354	2163	
242201	The Prophecy Machine (Investments)	David N. Thomas	103542	6594	1227	
242217	Everyone Is Entitled to My Opinion	David  Drum	100115	6469	1623	
242269	Forbidden (Harlequin Single Title)	David Lebovitz	101565	6419	2079	
242296	Of Tangible Ghosts (Ghost trilogy)	David Zinczenko	101763	7999	2935	
242321	Locked in Time (Laurel Leaf Books)	David Bender	105000	9518	2937	
242463	Till the End of Time: A Love Story	David B. Biebel	103644	9174	1177	
242564	Jingle Bell Mice (Merry Christmas)	David B Guralnik	102074	2754	2301	
242570	Mona Lisa smiled a little: A novel	David Thornbrugh	104179	5233	2391	
242573	McGarr and the Method of Descartes	R. David Gustafson	103612	4981	1176	
242617	Exploring the Illinois Countryside	David Ritz	103872	2704	1889	
242689	Head over Heels (First Kiss, No 1)	Lester David	102841	9798	1166	
242697	The Cats Quizzer (Beginner Books)	David Marion Wilkinson	102163	5599	2260	
242735	A Source Book in Indian Philosophy	David K. Reynolds	100415	8440	2061	
242745	The Major Transitions in Evolution	David M Rhoads	102078	6826	1240	
242755	Vanity Fair: Photographs of an Age	David E. Murphy	103569	9865	2765	
242764	Lovers and Gamblers / Love Killers	David Frost	101243	1951	1001	
242770	The Duke of Flatbush (Zebra Books)	David Asman	101646	4252	1124	
242786	Selected Writings (Fount Classics)	David Montgomery	102590	75	2912	
242926	Romantic Mischief (Godek Romantic)	David Delvin	104043	7474	1380	
242960	Tisha the Story of a Young Teacher	David Clark	100399	2558	1585	
243006	The Concise Encyclopedia of Hockey	Joy David	101246	4286	2602	
243110	Sharks Stained Glass Coloring Book	Richard David Coss	101061	913	2576	
243163	Bookworm (Road to Reading. Mile 1)	Stanley David Lyman	101047	1872	1320	
243240	Lovers in Lisbon (Camfield, No 57)	Hilda Ellis Davidson	102304	334	2574	
243269	Love Life for Every Married Couple	David Hoffmann	104240	7510	2308	
243294	Grimoire for the Apprentice Wizard	A. Rosalie David	101377	7157	1035	
243312	Daughter of Destiny (Sonnet Books)	David E. Brown	104769	2242	2515	
243321	15 Months In Sog: A Warriors Tour	David Parlett	103697	3026	1678	
243329	Oxford Learners Pocket Dictionary	David Willcocks	100286	4768	1392	
243363	Walking Wounded (Destroyer, No 74)	David Daiches	103585	360	2615	
243414	Wassermusik. Sonderausgabe. Roman.	David Case	104931	8676	1756	
243427	Fun With Nature (Take-Along Guide)	David Madsen	100640	4866	2606	
243461	Peribanez y el Comendador de Ocana	David Barbour	104381	3801	1905	
243491	Undercover Summer (By Request 2s)	David Brown	101270	8192	2401	
243495	Bruce Webers Inside Baseball 1988	David Outerbridge	103454	2841	1103	
243501	Love in a Dead Language: A Romance	David Nicolle	104449	3361	1951	
243631	Australia the Beautiful Wilderness	J. David  Logan	104696	679	1468	
243721	By the Book (Star Trek Enterprise)	David E. Larson	101273	4084	2213	
243729	Betty Blue: The Story of a Passion	David Sandler	104464	3213	1042	
243793	Teach Yourself Html 3.2 in 24 Hours	David A. Fryxell	103241	8795	1795	
243884	Tell Me Lies (Jennifer Crusie 2004)	David Constable	100015	8087	2175	
243999	The Corinne T. Netzer Fiber Counter	David S. Reiss	104289	2702	2848	
244103	Entertaining With a Japanese Flavor	David Von Drehle	101445	3712	1683	
244138	Stedmans pocket medical dictionary	David V Hizer	104821	3195	1911	
244255	Els fantasmes del Trianon (Columna)	David Horowitz	100818	5624	2998	
244320	Holidays With Cookies (Kids Create)	David Punter	101206	712	1399	
244354	Le chat qui connaissait Shakespeare	Ross David Burke	102897	9812	2814	
244373	Paroles des po??tes daujourdhui	Elizabeth David	101246	728	2633	
244462	Can You Play? (Pictureback Readers)	Davida Gypsy Breier	102087	7483	1499	
244498	The Rockies: Pillars of a Continent	David Johnson	101712	1909	1670	
244510	An Introduction to Genetic Analysis	David L. Calof	102959	519	1852	
244530	A Spiritual Guide Through Pregnancy	David D. Busch	101469	8934	2251	
244543	I Never Met an Animal I Didnt Like	David Bulley	102830	943	1386	
244582	I Can Fly (Little Golden Treasures)	David Skibbins Ph.D.	104389	4219	2503	
244598	Exploring Americas Historic Places	David Olin Tullis	100076	622	2846	
244649	At the Bay (Phoenix 60p Paperbacks)	David E. Carter	101340	3806	2013	
244701	The Anxious Heart (Harper Monogram)	David Schofield	101335	1587	1199	
244730	The Wizard of Oz Vocabulary Builder	David Bradley	100717	8840	2393	
244741	Last Light of the Sun (Canadian Ed)	David Lustig	100063	9129	2726	
244745	Flashpoint: Gay Male Sexual Writing	T. David Bunn	104942	4642	1555	
244821	Curious George Goes to the Hospital	David Cronenberg	102199	6727	2654	
244937	Conall (Silhouette Romance, No 741)	Davidovic Mladen	103194	4972	2892	
244964	Spiderwomans Third Avenue Rhapsody	David Daniel Kennedy	103682	6704	1162	
245073	515 Scrapbooking Ideas: Vanessa-Ann	David Morse	102280	5914	1023	
245077	King Lear (The Pelican Shakespeare)	David J. Bercuson	101732	6604	2700	
245095	Saving Money Made Simple (Selfhelp)	David Guard	103669	1604	1577	
245112	Acornas Quest (Acorna (Hardcover))	David Harvey	101489	7400	2256	
245189	The Law of Becoming (Jaran, Book 4)	David Sipress	104902	9591	1343	
245202	Firebrand (Mira Historical Romance)	David C. Taylor	100777	1268	2096	
245268	Texas Rose (Lone Star Country Club)	David Gutterson	103323	7177	2370	
245294	La f?e carabine (Collection Folio)	David Alzofon	101607	4725	1605	
245381	Cranford (Penguin Popular Classics)	David Bromley	101324	7513	1764	
245395	A pictorial history of sex in films	David S. Neft	100461	8402	1628	
245403	The Evolution of Culture in Animals	David Roper	104413	9249	1063	
245412	Charles Laughton, a difficult actor	David Pownall	102825	651	2442	
245550	Zickzack der Liebe. Erz??hlungen.	Tracy David Terrell	103287	8535	1255	
245551	Clowns im Gl??ck. Erz??hlungen.	David Muench	103408	484	2779	
245585	Las cosas de Robin (Visto y le?do)	David Graddol	101833	3282	2950	
245605	Disturbing Behavior: A Novelization	David Dorward	104035	6976	1187	
245680	Saratoga Trunk (Perennial Classics)	David Boag	101356	7199	2236	
245711	Shame of Man: Geodyssey (Geodyssey)	David Garnett	103698	1690	2065	
245724	Stone Cribs (P.I. Smokey Dalton, 4)	Jean-Pierre Davidts	102264	4217	2820	
245755	The Dog Is Not a Toy: House Rule #4	David Castillo	103964	7612	1496	
245758	The Power of Your Subconscious Mind	David Russo	104158	1985	2130	
245873	How to Hide Things in Public Places	David H. McKay	104143	2767	1977	
245908	The End of History and the Last Man	David Reed	104232	6498	1123	
245945	La tour sombre. 2, Les trois cartes	David Madden	102993	4530	2803	
245991	Good-bye, Beedee (A Quick Fox book)	David Plante	100223	6635	1022	
246019	Ooh Baby Baby (36 Hours) (36 Hours)	David A Jasen	104454	5967	1034	
246041	The Wonderful Pigs of Jillian Jiggs	David Pryce-Jones	103831	9101	1748	
246164	Feeling Good : The New Mood Therapy	David Lazaroff	103801	177	1515	
246175	Pool of Radiance (Forgotten Realms)	David Hein	103715	3913	2291	
246232	Shade and Shadow: Del Rey Discovery	David Logan Scott	104597	3932	2148	
246242	Bridges of Madison County: The Film	David A. Crossman	103982	6053	2295	
246251	Campbells Simply Delicious Recipes	David S. Reynolds	104860	5447	2695	
246267	France (Horrible Histories Special)	David Trinidad	101968	3021	2705	
246394	Novells Encyclopedia of Networking	David H. Voelker	104679	9958	1956	
246419	The Wealdwifes Tale (Avonova Book)	David W. Maurer	101605	5599	2158	
246467	Vergiss nie, da?? ich Dich liebe.	Jay David	101162	9744	1402	
246486	Step Lightly: Poems for the Journey	David T. Warner	102790	8482	2702	
246499	The Complete Works of Lewis Carroll	Elishua Davidson	100718	8189	2086	
246503	Dreamsicle (A Wyatt Storme Mystery)	David Boaz	104835	3623	1886	
246567	A World Full of Women (3rd Edition)	David Boye	103447	3535	2408	
246604	The Last Climb: A Novel of Suspense	David Burnie	104185	1013	1831	
246676	Sizzle Cleans Up (The Puzzle Place)	David Olsen	101772	5138	2498	
246744	Close Quarters (High Hurdles, No 6)	David A. Lereah	101618	6009	1095	
246901	Finding the Freedom of Self-Control	David W. Page	102122	1998	2560	
246912	The Hawks of Fellheath (Magicquest)	David Walley	103567	8097	1376	
247094	Giottos Hand (Art History Mystery)	David Cian	103167	6580	1366	
247126	Observers British Steam Locomotives	David Jones	100465	2303	2675	
247153	Diet for a Small Planet Rev Edition	David L. Katz	101735	3306	1463	
247168	Japanese Baseball and Other Stories	David Koepp	102896	611	2999	
247207	Acornas Quest (Acorna (Paperback))	David Martill	101730	4316	1334	
247299	Place Called Waco a Survivors Story	David M Martill	104037	2368	1526	
247324	Christmas With Southern Living 1984	David Dathe	103191	4569	1983	
247337	Whats Happening to My Junior Year?	J. David Archibald	104603	1928	1338	
247414	01-01-00: A Novel of the Millennium	David Rains Wallace	104716	2277	2591	
247488	MS Access 97 One Step at a Time (BP)	David Cromack	104576	6014	1331	
247543	Survival. Die Kunst zu ??berleben.	David D. Gillette	104737	2521	2986	
247571	The Beloved Land (Song of Acadia, 5)	David Southwell	101290	9780	1340	
247722	On the Occasion of My Last Afternoon	David &amp; Hollaman, Keith Young	100237	6732	1802	
247749	Marry Me, Maddie (Time of Your Life)	David D Oxenford	102576	2266	1566	
247856	Weight Watchers Versatile Vegetarian	David Straker	102805	2311	1951	
247905	Supreme Justice: A Novel of Suspense	David A Webb	102041	1660	1003	
247998	Dragons of Deltora #1: Dragons Nest	David Fiedler	100087	1339	2706	
248022	Distant Dreams (Ribbons of Steel, 1)	David Knoles	101804	5997	2768	
248057	Challenging Lateral Thinking Puzzles	David McGimpsey	100358	8071	1599	
248086	Scarlet and Black (Penguin Classics)	David Byrne	102810	3408	1003	
248089	Busy Baby (Golden Super Shape Books)	David A., Jr. Rich	104334	1337	1711	
248180	Enter My Jungle (Harlequin Presents)	David R. Stiles	104005	8022	2996	
248211	Disneys: Winnie the Poohs - Easter	David T. Courtwright	100489	8464	2484	
248334	Das Phantom von Jerusalem. Thriller.	David W. Chapman	102816	7980	1251	
248336	The Edge of the Cloud (Puffin Books)	David Toma	101559	7804	1614	
248337	The Lake of Tears (Deltora Quest, 2)	David Harp	101535	7658	2156	
248572	Heloise: Household Hints for Singles	David W. Shaw	102834	1954	2268	
248628	Cinco Horas Con Mario (Destinolibro)	David Mearns	102083	6136	1388	
248657	Punch With Judy (An Avon Flare Book)	Max Davidson	104585	7240	1410	
248678	Hard Times (Modern Library Classics)	David Fine	101609	4220	1493	
248734	Caterpillar Spring, Butterfly Summer	David Hendin	102378	485	2057	
248752	Legacy in Stone: The Rideau Corridor	David Bergman	103346	4473	2749	
248903	Obra Periodistica 2 - Entre Cachacos	David Abrahamsen	101192	5483	1810	
248910	Granta 79: Celebrity (Granta Series)	David Proctor	104373	8178	2985	
248938	The Jewel In The Crown   Part 1 Of 2	David Earl Worth	101815	1093	1141	
249010	Cliffords Big Red Easter (Clifford)	David Richo	104978	5722	2158	
249157	Madam Foreman : A Rush to Judgement?	David Veerman	100109	5700	2949	
249178	Nine Times Nine	David Ray	103817	4923	1554	
249226	Kohn on Music Licensing (2nd Editon)	Edward David Allen	100178	6896	2495	
249280	The Elegant Gathering of White Snows	David A. Garvin	104401	1822	2857	
249328	Pig at Play (Planet Reader, Level 1)	David A. Wilson	101486	2689	2545	
249350	Come Before Winter and Share My Hope	David Rusling	101012	7542	1465	
249462	La Cucina Italiana : Classic Italian	David S. Awbrey	103487	7416	1733	
249481	His Convenient Wife (Modern Romance)	David Richard	104778	7075	2780	
249484	The Container Gardening Encyclopedia	Glen David Gold	100037	2505	1632	
249681	The Plain and Fancy Mustard Cookbook	David Servan-Schreiber	100788	9430	2686	
249730	Ana Frank: Diario de una adolescente	David Fideler	101649	182	1145	
249733	The Magic World of the Amazing Randi	David Fallows	102120	1079	2457	
249752	Vampire Heart (Blood and Lace, No 1)	David D. Kallen	104576	2256	1499	
249784	Cousin Nancy (Regency Romance, No 5)	David Hellerstein	103795	3127	1660	
249804	The Encyclopedia of Biblical Errancy	David Fairbank White	100130	3595	1930	
249845	Best Loved Magical Tales for Bedtime	David Bedford	102112	8742	1551	
249875	Secrets of the Video Game Superstars	David Price	102673	599	2504	
249937	Imatges de Catalunya i Illes Balears	David Winston	103832	2866	2605	
249944	Barbara Bush: Matriarch of a Dynasty	David Mallett	102697	6674	1106	
